anio,mes,recaudacion,emae,ipc_argentina,ipc_cordoba,ipc_tucuman,ipc_santafe,ipc_gba,ipc_mendoza,exportaciones,importaciones,dolar_blue,dolar_oficial,monedas_publico,ingresos_familiares
1968,1,,,,,,,,1.6274634002086146e-10,,,,,,
1968,2,,,,,0.0070513878572803,,,1.6148751274461678e-10,,,,,,
1968,3,,,,,0.0209995540509995,,,1.6214553609356288e-10,,,,,,
1968,4,,,,,-0.0114301098463756,,,1.6135876904590995e-10,,,,,,
1968,5,,,,,-0.0065316647202823,,,1.6298952256286326e-10,,,,,,
1968,6,,,,,0.0062749416757673,,,1.6349019250227878e-10,,,,,,
1968,7,,,,,0.0119646920435272,,,1.6218845065979848e-10,,,,,,
1968,8,,,,,-0.0118232307288964,,,1.61573341877088e-10,,,,,,
1968,9,,,,,0.0156847921576378,,,1.6313257111698198e-10,,,,,,
1968,10,,,,,-9.995412105843038e-05,,,1.6434848382699102e-10,,,,,,
1968,11,,,,,-0.0004864920160329,,,1.6393364302004679e-10,,,,,,
1968,12,,,,,0.0097015719006794,,,1.647776294893472e-10,,,,,,
1969,1,,,,,0.0093181339431402,,,1.6442000810405042e-10,,,,,,
1969,2,,,,,0.0079697344403226,,,1.6909769582373242e-10,,,,,,
1969,3,,,,,0.0045341207924051,,,1.6978432888350223e-10,,,,,,
1969,4,,,,,-0.0107512291318959,,,1.7055679107574327e-10,,,,,,
1969,5,,,,,0.006501314828628,,,1.7160104552080988e-10,,,,,,
1969,6,,,,,0.011374790186453,,,1.7257377568881715e-10,,,,,,
1969,7,,,,,0.0036230826263675,,,1.7122911928010122e-10,,,,,,
1969,8,,,,,0.0011431304127672,,,1.7237350771305095e-10,,,,,,
1969,9,,,,,0.0058780367248775,,,1.740614806516518e-10,,,,,,
1969,10,,,,,0.0049043929075813,,,1.7517725937377778e-10,,,,,,
1969,11,,,,,0.0055428726845072,,,1.7839585184144887e-10,,,,,,
1969,12,,,,,0.0239847274815486,,,1.8069893356276016e-10,,,,,,
1970,1,,,,,0.0046683885638131,,,1.845755493793773e-10,,,,,,
1970,2,,,,,0.0154818614877244,,,1.8649240000456806e-10,,,,,,
1970,3,,,,,0.0149150503683656,,,1.913560508446044e-10,,,,,,
1970,4,,,,,0.0097774880744273,,,1.9265779268708468e-10,,,,,,
1970,5,,,,,0.0064845515096389,,,1.9443159475815676e-10,,,,,,
1970,6,,,,,0.0088916098186693,,,2.016841564519756e-10,,,,,,
1970,7,,,,,0.0365821943537435,,,2.037583604866969e-10,,,,,,
1970,8,,,,,0.035179661583921,,,2.042447255707005e-10,,,,,,
1970,9,,,,,0.0269287733943717,,,2.0915129097697243e-10,,,,,,
1970,10,,,,,0.026615969581749,,,2.1638954781537937e-10,,,,,,
1970,11,,,,,0.0245466155810984,,,2.228267327507216e-10,,,,,,
1970,12,,,,,0.0357757223704219,,,2.2926391768606368e-10,,,,,,
1971,1,,,,,0.0620035623164685,,,2.4455580812135426e-10,,,,,,
1971,2,,,,,0.0413852499886677,,,2.5180836981517307e-10,,,,,,
1971,3,,,,,0.0221337163750327,,,2.5232334461000044e-10,,,,,,
1971,4,,,,,0.0114127541786436,,,2.6063446560429777e-10,,,,,,
1971,5,,,,,0.0302730468832235,,,2.740524199806332e-10,,,,,,
1971,6,,,,,0.0289748462371524,,,2.8400859934729577e-10,,,,,,
1971,7,,,,,0.0501221280060367,,,2.984278936024622e-10,,,,,,
1971,8,,,,,0.0220305970008132,,,3.0320571531002716e-10,,,,,,
1971,9,,,,,0.0290308255930133,,,3.164090968551845e-10,,,,,,
1971,10,,,,,0.0266654679492943,,,3.16809632806717e-10,,,,,,
1971,11,,,,,-0.0005254124487722,,,3.2376179253688646e-10,,,,,,
1971,12,,,,,0.0798170603490571,,,3.3726557604569314e-10,,,,,,
1972,1,,,,,0.0844489882024569,,,3.6501699554472377e-10,,,,,,
1972,2,,,,,-0.0486779295793616,,,4.0057886609863615e-10,,,,,,
1972,3,,,,,0.1883788970333784,,,4.3101959841509853e-10,,,,,,
1972,4,,,,,0.0449900727994705,,,4.4123326517917477e-10,,,,,,
1972,5,,,,,0.0280054212212946,,,4.523338329787871e-10,,,,,,
1972,6,,,,,0.048743223262691,,,4.880959715084656e-10,,,,,,
1972,7,,,,,0.054443347901687,,,5.107119479146343e-10,,,,,,
1972,8,,,,,0.0256935933147632,,,5.445429309637105e-10,,,,,,
1972,9,,,,,0.0349895715651343,,,5.558008521728533e-10,,,,,,
1972,10,,,,,0.0175488313024128,,,5.773153547123078e-10,,,,,,
1972,11,,,,,0.067375630486132,,,6.033788012727377e-10,,,,,,
1972,12,,,,,0.0469844705791401,,,6.223470395488792e-10,,,,,,
1973,1,,,,,0.0196874740407778,,,6.568932653685486e-10,,,,,,
1973,2,,,,,0.0847152322676417,,,6.922405630912831e-10,,,,,,
1973,3,,,,,0.1043017482371594,,,7.412346928769428e-10,,,,,,
1973,4,,,,,0.0345942841597775,,,7.831765289445498e-10,,,,,,
1973,5,,,,,0.0714838728526352,,,8.125014825388865e-10,,,,,,
1973,6,,,,,-0.0304432886386409,,,7.887411176997678e-10,,,,,,
1973,7,,,,,-0.0229763838209135,,,7.827759929930175e-10,,,,,,
1973,8,,,,,0.0020436800633252,,,7.804156918500586e-10,,,,,,
1973,9,,,,,0.0026140223628176,,,7.96952104706182e-10,,,,,,
1973,10,,,,,0.0140674579014847,,,8.008001108119754e-10,,,,,,
1973,11,,,,,0.0039695713286762,,,8.26792033095346e-10,,,,,,
1973,12,,,,,0.0192206220671315,,,8.323995364167994e-10,,,,,,
1974,1,,,,,0.0153861021184363,,,8.302108935387831e-10,,,,,,
1974,2,,,,,0.0110808973487423,,,8.449735043238346e-10,,,,,,
1974,3,,,,,0.007127008673435,,,8.472336714789102e-10,,,,,,
1974,4,,,,,0.0391214366780158,,,9.081437458226587e-10,,,,,,
1974,5,,,,,0.0282043045293928,,,9.378120159468803e-10,,,,,,
1974,6,,,,,0.0368032991752062,,,9.690252104555839e-10,,,,,,
1974,7,,,,,0.0461640450792502,,,9.94344804534596e-10,,,,,,
1974,8,,,,,0.0293795725560227,,,1.020422555950438e-09,,,,,,
1974,9,,,,,0.0306676366892383,,,1.0556411099744652e-09,,,,,,
1974,10,,,,,0.0496823586903404,,,1.082033568209368e-09,,,,,,
1974,11,,,,,0.0157769501344921,,,1.1336884011016362e-09,,,,,,
1974,12,,,,,0.0373274940163974,,,1.2095613542062024e-09,,,,,,
1975,1,,,,,0.0848306332842415,,,1.2535630894531187e-09,,,,,,
1975,2,,,,,0.095755271970314,,,1.4382959922420267e-09,,,,,,
1975,3,,,,,0.0683901874948376,,,1.5501313518520375e-09,,,,,,
1975,4,,,,,0.0869733281793583,,,1.6160767353007646e-09,,,,,,
1975,5,,,,,0.0730796586059744,,,1.6819505944724331e-09,,,,,,
1975,6,,,,,0.3207290803645403,,,2.542816793158857e-09,,,,,,
1975,7,,,,,0.3779891099791733,,,3.136039147089166e-09,,,,,,
1975,8,,,,,0.2465903090117814,,,3.749717444258451e-09,,,,,,
1975,9,,,,,0.124950700419229,,,4.142056713639849e-09,,,,,,
1975,10,,,,,0.0857517561970055,,,4.5125095542410845e-09,,,,,,
1975,11,,,,,0.1138404869823122,,,4.903947617731535e-09,,,,,,
1975,12,,,,,0.0886552997766707,,,5.569681283744619e-09,,,,,,
1976,1,,,,,0.1465683035318019,,,6.510554538749641e-09,,,,,,
1976,2,,,,,0.1821356684501178,,,7.791153804931197e-09,,,,,,
1976,3,,,,,0.3695389585819483,,,1.0980206746176758e-08,,,,,,
1976,4,,,,,0.2755920154293273,,,1.3342381825194504e-08,,,,,,
1976,5,,,,,0.0874822457233541,,,1.5143606304091118e-08,,,,,,
1976,6,,,,,0.061765088897911,,,1.6106323073310065e-08,,,,,,
1976,7,,,,,0.0351608155491103,,,1.6984812853863923e-08,,,,,,
1976,8,,,,,0.1283911638944937,,,1.821877829140277e-08,,,,,,
1976,9,,,,,0.0577884015540361,,,1.9800594897992103e-08,,,,,,
1976,10,,,,,0.0517964229199389,,,2.092115144182564e-08,,,,,,
1976,11,,,,,0.0967703432291016,,,2.3196167036818853e-08,,,,,,
1976,12,,,,,0.0528425757433873,,,2.44078312047706e-08,,,,,,
1977,1,,,,,0.1152655313993403,,,2.7472002758270525e-08,,,,,,
1977,2,,,,,0.1136877998732612,,,2.9115716474227026e-08,,,,,,
1977,3,,,,,0.0403277781110953,,,3.125688153713135e-08,,,,,,
1977,4,,,,,0.0749840008334448,,,3.347407690654978e-08,,,,,,
1977,5,,,,,0.0677997487167594,,,3.565880025418326e-08,,,,,,
1977,6,,,,,0.0754994643531478,,,3.956338206313064e-08,,,,,,
1977,7,,,,,0.0786775066117133,,,4.234563352617339e-08,,,,,,
1977,8,,,,,0.0961910017393006,,,4.5569676143756393e-08,,,,,,
1977,9,,,,,0.0915633415279758,,,4.814543701892879e-08,,,,,,
1977,10,,,,,0.1258381445525711,,,5.4822428550395554e-08,,,,,,
1977,11,,,,,0.0891384921071133,,,5.931519740416827e-08,,,,,,
1977,12,,,,,0.0733336443730534,,,6.302217194045604e-08,,,,,,
1978,1,,,,,0.1135329147959786,,,7.00918603626895e-08,,,,,,
1978,2,,,,,0.0500701061151652,,,7.329055477648267e-08,,,,,,
1978,3,,,,,0.1012677434773042,,,7.681037888941693e-08,,,,,,
1978,4,,,,,0.1231631957122287,,,8.637387567016818e-08,,,,,,
1978,5,,,,,0.0765541141472689,,,9.408849849864587e-08,,,,,,
1978,6,,,,,0.0610827502905718,,,1.0055719703046037e-07,,,,,,
1978,7,,,,,0.0599827102025912,,,1.0507517103946881e-07,,,,,,
1978,8,,,,,0.0898950397147025,,,1.163206899389695e-07,,,,,,
1978,9,,,,,0.0763685546166931,,,1.2565158977072373e-07,,,,,,
1978,10,,,,,0.1172096638383315,,,1.3325035757522069e-07,,,,,,
1978,11,,,,,0.0703052228393414,,,1.5389353706668286e-07,,,,,,
1978,12,,,,,0.097490601944973,,,1.632254525431713e-07,,,,,,
1979,1,,,,,0.1059305860829967,,,1.7699871091822677e-07,,,,,,
1979,2,,,,,0.0954449436196483,,,1.9215334626584047e-07,,,,,,
1979,3,,,,,0.1189603194003096,,,2.1038348261244025e-07,,,,,,
1979,4,,,,,0.0433505667613291,,,2.2508419628812445e-07,,,,,,
1979,5,,,,,0.0522507851576131,,,2.465861248596721e-07,,,,,,
1979,6,,,,,0.0716543963211072,,,2.741306532348807e-07,,,,,,
1979,7,,,,,0.0768072289156626,,,2.892592394407894e-07,,,,,,
1979,8,,,,,0.1285755340549859,,,3.225499853203807e-07,,,,,,
1979,9,,,,,0.0826061861270499,,,3.487275846269972e-07,,,,,,
1979,10,,,,,0.0310481088879132,,,3.648423904795665e-07,,,,,,
1979,11,,,,,0.0409113030782333,,,3.835772021250971e-07,,,,,,
1979,12,,,,,0.0691096110575378,,,4.099722495388295e-07,,,,,,
1980,1,,,,,0.0605149510741812,,,4.281726890055942e-07,,,,,,
1980,2,,,,,0.0382731958762886,,,4.556848741027167e-07,,,,,,
1980,3,,,,,0.0542385503289065,,,4.735452156320642e-07,,,,,,
1980,4,,,,,0.0552154461973157,,,4.986081949098431e-07,,,,,,
1980,5,,,,,0.0544460560080329,,,5.151807847453031e-07,,,,,,
1980,6,,,,,0.0703629245582478,,,5.587868190818166e-07,,,,,,
1980,7,,,,,0.0499209173586397,,,5.789866767992094e-07,,,,,,
1980,8,,,,,0.0303172959231711,,,5.987716794048025e-07,,,,,,
1980,9,,,,,0.0567486064150598,,,6.220154959149984e-07,,,,,,
1980,10,,,,,0.0540470425458319,,,6.641757242101784e-07,,,,,,
1980,11,,,,,0.0406103864139797,,,6.84631438571468e-07,,,,,,
1980,12,,,,,0.0439924314096499,,,7.063555501572729e-07,,,,,,
1981,1,,,,,0.0326989880682676,,,7.32231216880711e-07,,,,,,
1981,2,,,,,0.0478976234003656,,,7.575322146476881e-07,,,,,,
1981,3,,,,,0.0531751570132589,,,8.036410550967732e-07,,,,,,
1981,4,,,,,0.0761993108931884,,,8.675851892733798e-07,,,,,,
1981,5,,,,,0.0758527274966136,,,9.273437227564728e-07,,,,,,
1981,6,,,,,0.1124527869978254,,,1.030314363467747e-06,,,,,,
1981,7,,,,,0.075775502855085,,,1.124875179682382e-06,,,,,,
1981,8,,,,,0.0802888293802601,,,1.193913272871156e-06,,,,,,
1981,9,,,,,0.0880439112921074,,,1.2815348037254925e-06,,,,,,
1981,10,,,,,0.0586248982912937,,,1.362541769437379e-06,,,,,,
1981,11,,,,,0.076822566388686,,,1.5066159816891248e-06,,,,,,
1981,12,,,,,0.0910421127765881,,,1.6704208810104646e-06,,,,,,
1982,1,,,,,0.1013705799614013,,,1.8690581032597115e-06,,,,,,
1982,2,,,,,0.0547074547074546,,,1.963870684929596e-06,,,,,,
1982,3,,,,,0.0490256814597882,,,2.05616561204699e-06,,,,,,
1982,4,,,,,0.0339301532762461,,,2.12870553384059e-06,,,,,,
1982,5,,,,,0.037386089259288,,,2.2513410592865643e-06,,,,,,
1982,6,,,,,0.0775083214455541,,,2.492435092398246e-06,,,,,,
1982,7,,,,,0.187044177079946,,,2.902126151394244e-06,,,,,,
1982,8,,,,,0.138532881992682,,,3.2990715842182644e-06,,,,,,
1982,9,,,,,0.1952326120954852,,,3.834974382513205e-06,,,,,,
1982,10,,,,,0.1138510647475807,,,4.558084823583306e-06,,,,,,
1982,11,,,,,0.1207383979861874,,,5.054162904411596e-06,,,,,,
1982,12,,,,,0.0973530834619548,,,5.548696060855405e-06,,,,,,
1983,1,,,,,0.162380602498163,,,6.172931341318651e-06,,,,,,
1983,2,,,,,0.1362651255192342,,,7.160567168665079e-06,,,,,,
1983,3,,,,,0.1186521497258206,,,7.897825111737521e-06,,,,,,
1983,4,,,,,0.0960500142085818,,,8.52381988941643e-06,,,,,,
1983,5,,,,,0.0947627689914441,,,9.62726782617737e-06,,,,,,
1983,6,,,,,0.1784487862640617,,,1.1529084048330266e-05,,,,,,
1983,7,,,,,0.1147508038585207,,,1.2696632042191804e-05,,,,,,
1983,8,,,,,0.1959167117360736,,,1.5016521968612054e-05,,,,,,
1983,9,,,,,0.2432636140945921,,,1.8456553598058905e-05,,,,,,
1983,10,,,,,0.1714762049105788,,,2.158545462229754e-05,,,,,,
1983,11,,,,,0.185551271767537,,,2.6254559428732383e-05,,,,,,
1983,12,,,,,0.1293814657994675,,,3.000514946917096e-05,,,,,,
1984,1,,,,,0.0845282727167316,,,3.3458627662704963e-05,,,,,,
1984,2,,,,,0.1777619387027798,,,3.898816952216388e-05,,,,,,
1984,3,,,,,0.2199376664245945,,,4.801667901536653e-05,,,,,,
1984,4,,,,,0.2164250368955639,,,5.967284739917587e-05,,,,,,
1984,5,,,,,0.2017862240528525,,,7.114233741986027e-05,,,,,,
1984,6,,,,,0.1756252332960059,,,8.383618001524677e-05,,,,,,
1984,7,,,,,0.1402747910923812,,,9.66327314724905e-05,,,,,,
1984,8,,,,,0.2747299341210125,,,0.0001148405236349,,,,,,
1984,9,,,,,0.2755561512989688,,,0.0001464373743657,,,,,,
1984,10,,,,,0.1749593280764709,,,0.0001719701107904,,,,,,
1984,11,,,,,0.1528618324074903,,,0.0001974041437127,,,,,,
1984,12,,,,,0.2168926024468873,,,0.0002304183195178,,,,,,
1985,1,,,,,0.0046042689837552,,,0.000276844727757,,,,,,
1985,2,,,,,0.4738524455308248,,,0.000338389937681,,,,,,
1985,3,,,,,0.2393793455380493,,,0.000413008354966,,,,,,
1985,4,,,,,0.2767791659697114,,,0.0005463024281793,,,,,,
1985,5,,,,,0.2696563539252241,,,0.0007067213682247,,,,,,
1985,6,,,,,0.2430945804362322,,,0.000910589876098,,,,,,
1985,7,,,,,0.0326980174312804,,,0.0009467697164057,,,,,,
1985,8,,,,,0.0209848147598556,,,0.0009806293091656,,,,,,
1985,9,,,,,0.0593229576697147,,,0.0010077813552229,,,,,,
1985,10,,,,,0.0210946343025049,,,0.0010250616205605,,,,,,
1985,11,,,,,0.0229878622295875,,,0.0010478378113472,,,,,,
1985,12,,,,,0.0331979728768292,,,0.0010718542330982,,,,,,
1986,1,,,,,0.0394993325846982,,,0.0010965544269379,,,,,,
1986,2,,,,,0.0251369461642333,,,0.0011458661245137,,,,,,
1986,3,,,,,0.0594945769418127,,,0.0011902483689146,,,,,,
1986,4,,,,,0.0600055360854247,,,0.0012439001596223,,,,,,
1986,5,,,,,0.0268260621323643,,,0.0012909860216961,,,,,,
1986,6,,,,,0.0496340485693842,,,0.0013457836313223,,,,,,
1986,7,,,,,0.0663824929264555,,,0.0014274443289265,,,,,,
1986,8,,,,,0.0864301172991166,,,0.0015671712956186,,,,,,
1986,9,,,,,0.0757225597436569,,,0.0016851977966509,,,,,,
1986,10,,,,,0.050322091701402,,,0.0017904100082052,,,,,,
1986,11,,,,,0.04591899158293,,,0.0018854228578508,,,,,,
1986,12,,,,,0.01137392994475,,,0.0019583204010297,,,,,,
1987,1,,,,,0.1029520798609669,,,0.0020903828261921,,,,,,
1987,2,,,,,0.0812046248991665,,,0.0022336173434312,,,,,,
1987,3,,,,,0.0840586918676945,,,0.0024178066617145,,,,,,
1987,4,,,,,0.050929112181693,,,0.0025123188414207,,,,,,
1987,5,,,,,0.0451866404715127,,,0.002644724583113,,,,,,
1987,6,,,,,0.0695488721804511,,,0.0028446206326385,,,,,,
1987,7,,,,,0.0970513571568053,,,0.003122106217918,,,,,,
1987,8,,,,,0.1320754716981133,,,0.0034723176881114,,,,,,
1987,9,,,,,0.1386792452830188,,,0.0039452791225941,,,,,,
1987,10,,,,,0.1934548467274232,,,0.0046576752269607,,,,,,
1987,11,,,,,0.0785606849473563,,,0.0050768074905285,,,,,,
1987,12,,,,,0.0299291997425444,,,0.0053200186422412,,,,,,
1988,1,,,,,0.1032184147484637,,,0.0057564025614357,,,,,,
1988,2,,,,,0.1573829305135951,,,0.0063736427676026,,,,,,
1988,3,,,,,0.1496043722979034,,,0.0074011605318373,,,,,,
1988,4,,,,,0.1550415099694884,,,0.0084937081687744,,,,,,
1988,5,,,,,0.1640250645042387,,,0.0096114609609472,,,,,,
1988,6,,,,,0.1831855604813174,,,0.0114832799013014,,,,,,
1988,7,,,,,0.2572817699272937,,,0.014089438594224,,,,,,
1988,8,,,,,0.2282967325362755,,,0.0178191292409059,,,,,,
1988,9,,,,,0.1165732771070417,,,0.0201562565180974,,,,,,
1988,10,,,,,0.0988152516943454,,,0.0220613771618505,,,,,,
1988,11,,,,,0.0519092235980978,,,0.0234223411057359,,,,,,
1988,12,,,,,0.056218248550903,,,0.024990153258877,,,,,,
1989,1,,,,,0.0880389871808454,,,0.0268470665398921,,,,,,
1989,2,,,,,0.0950340798442064,,,0.0296586858710954,,,,,,
1989,3,,,,,0.1942023830695358,,,0.0349054207390616,,,,,,
1989,4,,,,,0.497542814594192,,,0.0511723301192253,,,,,,
1989,5,,,,,0.9960222752585522,,,0.0906541602016529,,,,,,
1989,6,,,,,0.9804204862495016,,,0.182670142638516,,,,,,
1989,7,,,,,1.7756031294810193,,,0.5364964497945327,,,,,,
1989,8,,,,,0.1737376850081119,,,0.6712167170924556,,,,,,
1989,9,,,,,0.0965853809207578,,,0.7085995957402994,,,,,,
1989,10,,,,,0.0661150623195549,,,0.747196956612611,,,,,,
1989,11,,,,,0.0600928671919894,,,0.7899513084676123,,,,,,
1989,12,,,,,0.5953133080369105,,,1.1595429967730526,,,,,,
1990,1,,,,,0.5012673652472435,,,2.0268850035044306,795.559099,385.75274,,,,
1990,2,,,,,0.8935817622252458,,,3.4470424390842043,811.273028,226.159215,,,,
1990,3,,,,,0.5905200364899323,,,6.398334378529051,1163.51319,302.887158,,,,
1990,4,,,,,0.1127283092697126,,,6.9521039412334185,1014.905409,276.457304,,,,
1990,5,,,,,0.1498214562956062,,,7.695012302193549,1105.745239,302.133491,,,,
1990,6,,,,,0.1405617067242775,,,8.602240537269848,1076.145838,267.684292,,,,
1990,7,,,,,0.1178524920089974,,,9.514516955820998,1279.352905,313.410346,,,,
1990,8,,,,,0.1514429441355572,,,10.984483897944909,1127.166759,312.275644,,,,
1990,9,,,,,0.110508162796045,,,12.480027921545243,1024.587949,326.249139,,,,
1990,10,,,,,0.0577687593175418,,,13.25575162082021,972.653268,424.849874,,,,
1990,11,,,,,0.0356653486278041,,,14.01296483719221,950.53545,439.175049,,,,
1990,12,,,,,0.0259696076207755,,,14.573586425638869,1031.093952,499.63075,,,,
1991,1,,,,,0.0994068015179986,,,15.817007372604966,673.587459,492.608171,,,,
1991,2,,,,,0.2343242065752875,,,19.972796747440213,807.145431,400.271263,,,,
1991,3,,,,,0.0808286497787189,,,22.00952206098247,867.2675409999999,407.690465,,,,
1991,4,,,,,0.0605154742765273,,,23.159935699031667,1002.226905,614.437466,,,,
1991,5,,,,,0.0323329464433759,,,23.81007564216027,1228.238685,522.076633,,,,
1991,6,,,,,0.0318480106465971,,,24.515732729142343,1141.580517,606.455566,,,,
1991,7,,,,,0.0297531687791861,,,25.11180174929962,1302.126745,748.355735,,,,
1991,8,,,,,0.0015979960266044,,,25.44885275251413,1074.343869,759.651026,,,,
1991,9,,,,,0.0175283515156742,,,25.94264205647653,1078.621293,768.24893,,,,
1991,10,,,,,0.0161881555249497,,,26.330632649812717,1009.163347,936.879785,,,,
1991,11,,,,,-0.0112387664463396,,,26.501918988514465,920.62936,1054.902065,,,,
1991,12,,,,,0.0027836355967945,,,26.654079735530537,872.8542640000001,963.693829,,,,
1992,1,,,,,0.03503532974428,,,27.18908132793453,725.798174,902.946207,,,,
1992,2,,,,,0.0225933601527895,,,27.89170721605484,851.896974,914.187817,,,,
1992,3,,,,,0.0260679515199683,,,28.52461123889768,984.648674,1070.337821,,,,
1992,4,,,,,0.0134386739475619,,,29.00070543671558,998.051464,1186.042169,,,,
1992,5,,,,,0.0015859064506266,,,29.1652112739521,1137.679956,1110.860199,,,,
1992,6,,,,,0.0063526583872261,,,29.37623650098803,1193.100746,1284.734088,,,,
1992,7,,,,,0.0110138004246283,,,29.718723349259054,1195.712358,1459.96013,,,,
1992,8,,,,,0.0108750679691747,,,30.090406407425714,1076.604947,1429.65203,,,,
1992,9,,,,,0.015135496077013,,,30.45555214666914,1061.597203,1465.142073,,,,
1992,10,,,,,0.0178881397430977,,,30.81232954549663,952.050346,1516.816844,,,,
1992,11,,,,,0.0068392331442521,,,30.973030291193595,1032.547239,1273.692829,,,,
1992,12,,,,,0.0037262208276133,,,31.122430201115176,1025.260664,1257.381961,,,,
1993,1,,,,,0.0155422927990337,,42.78239,31.38518178532043,902.00694,1038.647448,,,,
1993,2,,,,,0.013677784968429,,43.09489,31.61265759608001,910.304778,897.605584,,,,
1993,3,,,,,0.0073850401173324,,43.4189,31.869644323554283,1075.032851,1322.928657,,,,
1993,4,,,,,0.0130003596937464,,43.87277,32.16116297199281,1078.632048,1206.81051,,,,
1993,5,,,,,0.0107706874978864,,44.43722,32.50676827874362,1220.789166,1253.398408,,,,
1993,6,,,,,0.0107897422171664,,44.75686,32.92123715944719,1277.882034,1410.186221,,,,
1993,7,,,,,-0.0021680127101813,,44.90084,33.07281140739138,1161.519236,1559.202869,,,,
1993,8,,,,,-0.0043454464033967,,44.90804,33.08823204152538,1082.734049,1538.31554,,,,
1993,9,,,,,0.0007162965801002,,45.27812,33.29522329933516,1190.60363,1562.630385,,,,
1993,10,,,,,0.0071245463927823,,45.53407,33.44897188530195,1091.679142,1570.284496,,,,
1993,11,,,,,0.003983339393739,,45.5601,33.49926775693009,1015.526883,1757.792572,,,,
1993,12,,,,,0.0093837973099781,,45.55412,33.52237009842027,1111.047183,1665.710237,,,,
1994,1,,,,,-0.0017451437704891,,45.59999,33.55043622473835,963.367588,1578.238036,,,,
1994,2,,,,,0.0066660131359669,,45.59838,33.58545451078661,965.827324,1487.035885,,,,
1994,3,,,,,0.0068166325835037,,45.66194,33.61854164135428,1126.63514,1849.848279,,,,
1994,4,,,,,0.0037560047715769,,45.77309,33.74204976298037,1221.823159,1751.819589,,,,
1994,5,,,,,0.0090417074855058,,45.93174,33.797395248568904,1598.178729,1740.954586,,,,
1994,6,,,,,0.0011459493872354,,46.10949,33.959912710903176,1458.462167,1835.794898,,,,
1994,7,,,,,0.0111602174811611,,46.53519,34.241003119746445,1430.051035,1775.966983,,,,
1994,8,,,,,-0.0016036727249857,,46.6312,34.33863375793247,1469.645104,2102.829972,,,,
1994,9,,,,,-0.000614153884917,,46.95035,34.56000139543118,1356.761737,1766.01408,,,,
1994,10,,,,,0.0005830168759749,,47.1008,34.65520020819718,1355.191661,1840.003546,,,,
1994,11,,,,,0.0081889763779526,,47.20729,34.73632304323791,1420.879323,1891.852982,,,,
1994,12,,,,,0.0061543267728835,,47.30995,34.791210773453265,1472.390488,1969.896542,,,,
1995,1,,,,,0.0135684789021019,,47.89942,34.84672791730674,1341.892936,1717.910739,,,,
1995,2,,,,,0.0025027570150718,,47.89811,34.99599908352961,1392.176762,1629.544245,,,,
1995,3,,,,,0.0019648166425774,,47.68291,35.16554022987111,1801.805398,1890.613932,,,,
1995,4,,,,,0.0043153400426959,,47.90098,35.37463430142644,1897.065341,1485.177409,,,,
1995,5,,,,,0.0081684709169032,,47.91105,35.52977045836818,2270.440256,1721.813152,,,,
1995,6,,,,,-0.0003915603680666,,47.81238,35.50489431480694,2149.367295,1573.118779,,,,
1995,7,,,,,0.0046101694915253,,48.00636,35.51510798157101,1842.449197,1518.781747,,,,
1995,8,,,,,0.0103177816769394,,47.89002,35.453554188733726,1766.727141,1743.831589,,,,
1995,9,,,,,0.0036366874972168,,47.96877,35.51862697600234,1664.471229,1654.549873,,,,
1995,10,,,,,0.002573431537847,,48.13185,35.60458485217227,1577.411756,1752.375214,,,,
1995,11,,,,,-5.900749395159435e-05,,48.02191,35.52693809699663,1588.758572,1833.026093,,,,
1995,12,,,,,-0.0018293402572879,,48.07058,35.6627054797107,1670.542255,1600.93972,,,,
1996,1,,,,,0.002808158439255,,48.21469,35.52257511609601,1449.080019,1681.946086,,,,
1996,2,,,,,-0.0006337509211494,,48.05801,35.23290179400561,1419.825616,1522.092476,,,,
1996,3,,,,,0.0038934033359387,,47.79874,35.22519147693861,1869.067257,1781.66975,,,,
1996,4,,,,,-0.0021007477486741,,47.79947,35.44796099026769,2013.250436,1812.935182,,,,
1996,5,,,,,-0.0011924390531151,,47.75684,35.63180699202106,2386.376368,1916.198684,,,,
1996,6,,,,,0.0019602930122188,,47.75808,35.73927937073045,2205.984287,1996.430468,,,,
1996,7,,,,,-0.000897322741983,,48.01702,35.8710413939292,2225.214897,2291.016833,,,,
1996,8,,,,,-0.0014428952134159,,47.97983,35.849240794281506,2270.073421,2307.531306,,,,
1996,9,,,,,-0.0010026393005116,,48.06695,36.07534333892155,1943.261033,1980.870151,,,,
1996,10,,,,,0.0051510634215459,,48.30925,35.93159384688765,2073.768079,2294.085075,,,,
1996,11,,,,,-0.0019529529235559,,48.23422,35.5828128622354,1918.357024,2098.768905,,,,
1996,12,,,,,0.0011034442172167,,48.09669,35.09633333938847,2036.458536,2078.263976,,,,
1997,1,,,,,-0.0045852683557697,,48.32133,34.76809412710767,1894.771291,2333.374522,,,,
1997,2,,,,,-0.0021407901730348,,48.50713,34.755877780585934,1884.397762,2026.635464,,,,
1997,3,,,,,-0.0028111915013241,,48.26801,34.90773812563837,1994.675591,2133.055331,,,,
1997,4,,,,,0.002522367464427,,48.10848,35.17120495261421,2420.242907,2529.043342,,,,
1997,5,,,,,0.0020868175292673,,48.06856,35.230541492862656,2562.975662,2543.884835,,,,
1997,6,,,,,-0.0010486205470549,,48.17801,35.33450918199614,2265.186338,2446.750637,,,,
1997,7,,,,,-0.002084657805639,,48.28507,35.36828294562357,2357.720678,2733.556414,,,,
1997,8,,,,,-0.0012000711153251,,48.36453,35.60023617612706,2356.217585,2693.938373,,,,
1997,9,,,,,-0.002714529407402,,48.34137,35.658142230834315,2276.578857,2766.845686,,,,
1997,10,,,,,-0.001502260828177,,48.26564,35.58956475398981,2373.950293,2836.165533,,,,
1997,11,,,,,-0.0020258896783899,,48.17236,35.55175702113623,2022.435923,2799.478241,,,,
1997,12,,,,,0.0002089708187177,,48.25444,35.58630324695589,2021.701632,2607.45558,,,,
1998,1,,,,,0.0003432374755629,,48.55776,35.54158626893839,1767.165552,2558.320938,,,,
1998,2,,,,,-0.0008354218880534,,48.72707,35.40508933859831,1883.433118,2282.81215,,,,
1998,3,,,,,0.0036132345914955,,48.66586,35.699139946444745,2239.499068,2693.948937,,,,
1998,4,,,,,0.0017554821625159,,48.67135,35.918805306149444,2489.795725,2739.397399,,,,
1998,5,,,,,0.0013811334204586,,48.6362,36.08791730682858,2571.806531,2625.797703,,,,
1998,6,,,,,-0.0020465971614587,,48.72905,36.42489678576604,2624.455168,2823.103117,,,,
1998,7,,,,,-0.0008470672155266,,48.88135,36.71248159896631,2362.119198,3027.288463,,,,
1998,8,,,,,-0.0014427224321027,,48.89122,36.82543273729844,2367.288775,2740.494494,,,,
1998,9,,,,,-0.0009532746473629,,48.8761,36.86534328389756,2297.692201,2660.692638,,,,
1998,10,,,,,-0.0007752747006991,,48.69729,36.454436312191554,2015.444098,2591.191333,,,,
1998,11,,,,,-0.0025812804941734,,48.58166,36.22311249532618,1884.364998,2456.459198,,,,
1998,12,,,,,-2.9918621349858467e-05,,48.57508,35.56573286487363,1930.633962,2177.853901,,,,
1999,1,,,,,-0.0027525955180563,,48.80407,35.19550890195898,1543.548732,1906.339612,,,,
1999,2,,,,,-0.0024751732621284,,48.72567,35.01858215876833,1523.961372,1855.728419,,,,
1999,3,,,,,-0.0030226927530564,,48.35983,35.11611266296647,1997.620964,2078.156161,,,,
1999,4,,,,,-0.0047665017497285,,48.31247,35.28302457688327,2034.355489,1873.381965,,,,
1999,5,,,,,-0.0004546832373446,,48.0746,35.367360282449496,2219.881806,1930.700242,,,,
1999,6,,,,,-0.0034116755117514,,48.07168,35.30427873105423,2129.491227,2212.477304,,,,
1999,7,,,,,-0.002099657664511,,48.16103,35.20269995277453,1940.966322,2278.15093,,,,
1999,8,,,,,-0.0010520377513836,,47.97974,35.12487438690624,2098.959408,2330.824814,,,,
1999,9,,,,,-0.0034189077810678,,47.88415,34.81745446119188,1897.670763,2233.969426,,,,
1999,10,,,,,-0.0023126167794896,,47.87666,34.888237746740906,1900.922454,2213.08487,,,,
1999,11,,,,,-0.003100870392828,,47.72533,34.61252596353249,1965.448523,2290.06047,,,,
1999,12,,,,,0.0052201228807686,,47.69565,34.24293856668367,2055.807683,2305.283163,,,,
2000,1,,,,,-0.0035386029411763,,48.09879,34.34315266175708,1768.244543,1852.193641,,,,
2000,2,,,,,0.0008301434303369,,48.10076,34.31641545650675,1783.322687,1907.761751,,,,
2000,3,,,,,-7.680137628059311e-05,,47.84662,34.366995994757595,2160.647313,2116.315833,,,,
2000,4,,,,,0.0006144582014809,,47.79282,34.43558205451534,2324.368432,1905.387148,,,,
2000,5,,,,,-0.0016733703828795,,47.60705,34.2587525843415,2600.344922,2215.13106,,,,
2000,6,,,,,-0.0037983053714496,,47.51903,34.31026722965073,2390.707224,2178.239002,,,,
2000,7,,,,,0.0010959834521934,,47.72541,34.407668990150164,2364.106024,2201.590618,,,,
2000,8,,,,,-0.0039628081969992,,47.62273,34.3196125916913,2216.324865,2319.562385,,,,
2000,9,,,,,-0.0028329927549694,,47.5496,34.3399269168617,2158.032348,2083.755144,,,,
2000,10,,,,,0.0053094872153136,,47.63481,34.51582514094824,2071.541729,2251.365851,,,,
2000,11,,,,,-0.0028569222453864,,47.40065,34.451776581327124,2146.940426,2184.621858,,,,
2000,12,,,,,-0.0016571163078829,,47.34766,34.08011641092913,2356.448472,2064.560923,,,,
2001,1,,,,,-0.0010083303600514,,47.38574,33.93664443309023,2041.302466,1954.05538,,,,
2001,2,,,,,0.003571539488804,,47.2778,33.765994660454304,1843.380988,1753.888,,,,
2001,3,,,,,-0.0022126632419384,,47.36788,34.04632834244629,2023.50844,2034.960501,,,,
2001,4,,,,,-0.0006358067767697,,47.68451,34.35972054529511,2392.066811,1917.986285,,,,
2001,5,,,,,0.0012413878716404,,47.71537,34.46745899431516,2567.36461,2080.779547,,,,
2001,6,,,,,-0.0002944640753828,,47.37121,34.390989528739915,2544.933963,1777.331684,,,,
2001,7,,,,,-0.0018293155569334,,47.21627,34.59429013385344,2353.030752,1769.34889,,,,
2001,8,,,,,-0.0041312687343719,,47.0474,34.503726094240875,2510.006543,1822.26093,,,,
2001,9,,,,,-0.0015439559582662,,47.01178,34.22678409346705,2192.274464,1431.492715,,,,
2001,10,,,,,0.0004373496610538,,46.80438,34.14706313425669,2050.485358,1511.836087,,,,
2001,11,,,,,-0.0012802498048398,,46.65088,33.90986002181704,2070.303061,1333.733876,,,,
2001,12,,,,,0.0022042271135566,,46.61541,33.86633034679871,1954.068883,931.90529,,,,
2002,1,,,,,0.0211202795239357,,47.68412,34.29390247505955,1817.821769,850.579913,2.05,,,
2002,2,,,,,0.0390602324977468,,49.18163,35.11797658562664,1781.933597,627.759578,2.19,,,
2002,3,,,,,0.0519406057042046,,51.127,36.74472474306466,2112.397988,592.89003,3.05,,,
2002,4,,,,,0.092211367797297,,56.4384,40.47211230802518,2181.683896,612.000097,3.03,3.0,,
2002,5,,,,,0.0600504152218141,,58.702,43.00903550075435,2369.474217,861.772801,3.62,3.65,,
2002,6,,,,,0.0549828593501039,,60.8282,44.84916918637125,2226.4524,682.741867,3.92,3.9,,
2002,7,,,,,0.0178377326971704,,62.7678,46.4020899850286,2244.532617,811.047619,3.73,3.74,,
2002,8,,,,,0.0386699341262168,,64.2378,47.82982899397667,2176.77287,762.017442,3.64,3.65,,
2002,9,,,,,0.011114959198251,,65.1055,48.66026876520204,2296.652424,719.03624,3.75,3.76,,
2002,10,,,,,0.0129622691998929,,65.2478,49.190192133934815,2258.078685,875.8879939999999,3.53,3.54,,
2002,11,,,,,0.0049452639587472,,65.58,49.69292197252963,2160.459019,808.925851,3.66,3.66,,
2002,12,,,,,0.0073919078061911,,65.7028,49.78350031699761,2024.339229,784.885921,3.37,3.39,,
2003,1,,,,,0.0106672790088406,,66.5696,50.33674060005173,2194.600115,798.965113,3.23,3.23,,
2003,2,,,,,0.0105340342252838,,66.9464,50.42992242820466,2128.348099,776.897236,3.2,3.22,,
2003,3,,,,,0.0074093756706761,,67.3372,51.02906699227548,2252.140654,933.671292,2.99,3.02,,
2003,4,,,,,0.0034796193722482,,67.3744,51.44766997619308,2458.771586,1109.900313,2.83,2.85,,
2003,5,,,,,-0.0022847437750841,,67.116,51.04932266753869,3122.970139,1085.073495,2.87,2.88,,
2003,6,,,,,-0.0035058921279549,,67.0585,50.85653613115291,2874.302247,1149.080471,2.79,2.82,,
2003,7,,,,,-0.0044028674564034,,67.3563,50.621450137314206,2835.561342,1259.782508,2.92,2.94,,0.534
2003,8,,,,,-0.012899338181224,,67.3727,50.71451752662384,2346.896698,1135.068814,2.96,2.98,,
2003,9,,,,,-0.0076048381255884,,67.3994,50.577848938018825,2368.509313,1318.22355,2.92,2.93,,
2003,10,,,,,0.0025126675980565,,67.7967,51.235085519917256,2441.194198,1439.599106,2.87,2.89,,0.525
2003,11,,,,,0.0033903593156881,,67.9639,51.590031897252025,2453.730904,1336.225802,2.97,2.99,,
2003,12,,,,,0.0028399373970004,,68.1082,51.42122029853653,2461.72732,1508.286436,2.955,2.96,,
2004,1,,92.62750602691052,,,0.0039791225259677,,68.3945,51.55967699406803,2322.450679,1608.575067,2.92,2.94,,0.512
2004,2,,90.1861793165596,,,0.0018838789376157,,68.4633,51.61774040218482,2395.035139,1363.731431,2.93,2.94,,
2004,3,,101.88329804238072,,,0.0061855881960071,,68.8695,52.28931044920596,2657.573743,1690.058163,2.87,2.88,,
2004,4,,102.5674302511826,,,0.0055042124074547,,69.4604,52.86139022683751,3039.747864,1650.876869,2.8425,2.86,,0.513
2004,5,,109.87750394051662,,,0.0093942963925901,,69.9679,53.3134951821297,3394.395773,1792.15734,2.965,2.98,,
2004,6,,105.66240620209852,,,0.0078580124561068,,70.3639,53.5754456944319,2950.695035,2039.339799,2.96,2.97,,
2004,7,,101.1069972900212,,,0.0053908355795147,,70.6882,53.65858551408569,3034.288112,1969.827469,2.9775,2.99,,0.502
2004,8,,98.35573694243756,,,0.0082414854532818,,70.931,54.06354166594037,2944.953517,2031.629332,3.0075,3.02,,
2004,9,,98.08637453469638,,,0.0016742170573171,,71.3774,54.20033899824409,3001.937097,2025.221298,2.9975,3.0,,
2004,10,,97.8356659809799,,,0.0058008062137449,,71.6599,54.31406259876847,2830.652208,1972.50071,2.9675,2.99,,0.494
2004,11,,100.1319466812214,,,-0.0011730205278591,,71.6615,54.37557347703952,3041.861773,2192.617922,2.9375,2.96,,
2004,12,,101.67895479099536,,,0.0080250538265804,,72.2606,54.39521404352001,2962.142762,2108.745995,2.975,2.99,,
2005,1,,98.473359529179,,,0.0067961165048543,,73.3343,54.338738474353946,2781.10538472,1901.01315326,2.9375,2.94,,0.496
2005,2,,96.11886613343404,,,0.0117647058823529,,74.028,54.72478360735413,2606.25579542,1867.28695072,2.9175,2.94,,
2005,3,,110.65642586719524,,,0.0149637819290887,,75.1723,55.60938156116884,3054.43422417,2197.56781069,2.9275,2.94,,
2005,4,,116.54519048214908,,,0.0149309794346887,,75.5409,56.28112326645491,3560.85679179,2379.91431089,2.9075,2.93,,0.487
2005,5,,126.66194335502726,,,0.0029607698001481,,75.9947,56.725998547821945,3695.28917558,2475.96668188,2.8925,2.9,,
2005,6,,116.50222321492876,,,0.0036900369003689,,76.6907,57.03898020132045,3450.19364309,2723.61559605,2.88,2.9,,
2005,7,,107.58113926245956,,,0.011672794117647,,77.4608,57.37351354998248,3601.00163083,2349.03494825,2.8675,2.88,,0.5
2005,8,,105.82089279310112,,,0.008994276369583,,77.7992,57.78313308470141,3837.36496993,2625.66841328,2.91,2.92,,
2005,9,,104.89213472672316,,,0.0115253016387538,,78.704,58.70824238904255,3482.92912183,2468.08392313,2.9075,2.92,,
2005,10,,104.4606653849844,,,0.0079223784938579,,79.319,59.269380023116106,3398.85660048,2502.67688541,3.0025,3.02,,0.475
2005,11,,108.00375438454834,,,0.011127792987724,,80.2759,60.039350713694375,3273.90673193,2701.12671541,2.9775,2.99,,
2005,12,,110.50332389924424,,,0.0075989169359769,,81.1696,60.266398464897925,3644.56755523,2494.93414456,3.05,3.05,,
2006,1,,106.53094787692405,,,0.0130894590846047,,82.2052,61.00148397137198,3187.53118885,2323.63815691,3.0725,3.08,,0.489
2006,2,,104.0901370432872,,,0.0044493882091212,,82.531,61.31180344675652,3089.94789967,2326.03863689,3.075,3.09,,
2006,3,,118.58827645043104,,,0.0081778686429848,,83.5258,61.96312244732326,3647.99071913,2722.10569931,3.095,3.09,,
2006,4,,122.08710730131628,,,0.0079425433037601,,84.3381,62.55031872827677,3925.34138827,2545.46705789,3.0625,3.07,,0.473
2006,5,,133.37101567477424,,,0.0015089278229524,,84.7328,63.07034358109667,4181.28523601,2825.92754639,3.095,3.1,,
2006,6,,124.29274775102324,,,0.0041851510839541,,85.1431,63.41559020731573,3847.77893888,2859.17932532,3.1,3.1,,
2006,7,,117.0456318535268,,,0.0079186463282487,,85.6685,63.54162657755709,3816.863382,2852.36632267,3.105,3.1,,0.476
2006,8,,116.30360797574892,,,0.0081872312272576,,86.1504,63.7446330079848,4246.16490995,3280.79358685,3.1,3.11,,
2006,9,,114.80248033323907,,,0.0068903289311787,,86.9252,64.20798935002526,4048.10829441,3169.427296,3.12,3.12,,
2006,10,,116.47750825324565,,,0.0063543788187372,,87.6692,64.64011568426301,4203.73495455,3255.11398568,3.1125,3.11,,0.485
2006,11,,118.14078229406633,,,0.0103618554197361,,88.2896,65.3105043873389,4110.08171012,3237.23025431,3.0925,3.09,,
2006,12,,119.60317208093002,,,0.0165050877333547,,89.1559,66.33260477529352,4241.37445591,2756.39460339,3.09,3.09,,
2007,1,,114.70176482722368,,,0.0125325135965949,,90.1761,67.30692310365741,3389.54999207,2951.04225528,3.1225,3.12,,0.476
2007,2,,112.74324828605302,,,0.0085629768021173,,90.4483,67.94336246859487,3587.33808625,2790.78121339,3.1125,3.12,,
2007,3,,129.28276498944658,,,0.0117320160543378,,91.1415,68.88180129862918,4172.58585439,3422.11019552,3.12,3.12,,
2007,4,,133.46308313008805,,,0.0097650289899298,,91.8198,70.54206875780518,4298.55549804,3060.8982462,3.12,3.11,,0.46
2007,5,,147.60791074167545,,,0.0092928377153217,,92.2031,71.94710744816216,4855.84475278,3542.11578779,3.11,3.1,,
2007,6,,136.12098630494512,,,0.0119769443820644,,92.6105,73.73313589889374,4521.09359831,3578.93874324,3.105,3.11,,
2007,7,,127.3875518979554,,,0.0140542939566536,,93.0702,75.31506366064974,4614.2473973,4125.80859236,3.1725,3.16,,
2007,8,,126.59522767863,,,0.0100663797505288,,93.6166,76.44313105832562,4921.64104283,4606.39625312,3.22,3.19,,
2007,9,,123.5104632944452,,,0.0094605329674297,,94.3669,77.03580068694882,4827.80913658,3963.06097141,3.195,3.17,,
2007,10,,128.41538266104467,,,0.0067248533409643,,95.0112,77.57329903042984,5580.77971691,4400.47768436,3.1925,3.17,,0.472
2007,11,,129.73508945617357,,,-0.0040505969300738,,95.8219,77.42022922045572,5424.21401639,4384.49982718,3.1575,3.16,,
2007,12,,128.89792837498598,,,0.0074206207634676,,96.7107,78.06950822368916,5786.64949379,3881.33362587,3.1725,3.17,,
2008,1,24377392.73734,126.22689251081432,,,0.0106239818684042,,97.611,78.80342514057793,5818.32826609,4478.52645426,3.1725,3.17,27.4,0.463
2008,2,21817603.68735,122.8249045091645,,,0.0062372976382368,,98.0667,79.40330930581581,5225.65804597,4209.77681544,3.185,3.17,28.7,
2008,3,19874246.42489,132.33412728743554,,,0.0198495612202256,,99.1763,80.73343662678778,4990.84442066,4163.39683265,3.1875,3.18,27.5,
2008,4,22574032.167110004,145.28049855207212,,,0.0258739223797664,,100.0,81.98021642994603,5845.65635261,4929.57344426,3.2325,3.2,25.3,0.45
2008,5,26632216.59437,154.15616391286648,,,0.0056,,100.56,82.5612279764229,6240.2889257,5200.4647047,3.1825,3.13,22.4,
2008,6,26032756.76773,140.50348421669764,,,0.0063643595863166,,101.2,83.34892433746107,5407.03152667,5195.99173964,3.06,3.05,17.8,
2008,7,27850044.22644,136.63868805371584,,,0.0036561264822132,,101.57,84.03787788524151,7010.51823698,6046.82699384,3.0675,3.05,15.0,0.469
2008,8,26830066.194219995,131.34092143552698,,,0.0047258048636409,,102.05,84.577380728313,7366.70027997,5158.74708221,3.065,3.04,12.9,
2008,9,26557346.90683,132.18593848988462,,,0.0050955414012738,,102.57,85.27359260258032,6918.72559486,5310.89473342,3.155,3.15,13.7,
2008,10,26980235.36391,130.39517884255912,,,0.0042897533391829,,103.01,85.78412186878103,6061.19240792,5128.95839239,3.48,3.4,11.1,0.45
2008,11,23939772.206740007,125.52756329262156,,,0.0033977283758856,,103.36,86.19359615073269,4902.9249549,4182.29345126,3.415,3.38,9.4,
2008,12,25595758.93828,123.46600579407662,,,0.0033862229102166,,103.71,86.48765397995943,4230.9704198,3457.00171288,3.54,3.47,8.2,
2009,1,26341992.86793,116.7584192020652,,,0.0053032494455695,,104.26,86.92471171561459,3714.72179617,2760.06562369,3.545,3.5,8.5,0.454
2009,2,24618111.11586,114.85886148592792,,,0.0043161327450603,,104.71,87.54116658094755,3944.7629906,2663.27301001,3.64,3.58,6.7,
2009,3,23594132.39461,126.16560261026108,,,0.0063986247731831,,105.38,88.39992194314537,4263.70691454,2888.35593094,3.7925,3.74,2.9,
2009,4,24922029.94252,127.9905588745035,,,0.0033213133421903,,105.73,89.14993103027092,5052.29655515,2776.62132511,3.7425,3.73,1.7,0.46
2009,5,29152063.006480005,133.03567047814315,,,0.003310318736404,,106.08,89.38519555684213,5203.36311545,2660.0054315,3.8125,3.76,2.6,
2009,6,28697891.12394,129.31265804805898,,,0.0042420814479638,,106.53,89.81657179664823,5211.30189334,3618.92757191,3.8375,3.81,7.1,
2009,7,29647628.01308,127.3630583750141,,,0.0061954379048155,,107.19,90.38200849258342,4924.71617438,3588.91326078,3.87,3.84,7.1,0.457
2009,8,27027903.97421,124.00328620894652,,,0.0083030133407966,,108.08,91.07747709645106,4351.90853207,3255.18471978,3.845,3.86,7.2,
2009,9,28216983.69565,126.18512812472764,,,0.0074019245003699,,108.88,91.70813721128226,4530.72296451,3665.91725513,3.8425,3.85,7.6,
2009,10,28390514.89107,127.07986188269524,,,0.0079904481998531,,109.75,92.68216152959933,4807.72672213,3656.23696445,3.82,3.83,9.4,0.446
2009,11,28188985.78692,127.09219178029132,,,0.0082915717539862,,110.66,93.45715269706866,4872.38400269,3651.18536619,3.8025,3.82,13.1,
2009,12,30387187.74110001,126.28656380555832,,,0.009307789625881,,111.69,94.81174616870004,4794.4849751,3601.58288106,3.8625,3.83,16.2,
2010,1,31660848.00384,121.50567852923164,,,0.0103858895156235,,112.85,95.76570019035664,4408.1579867,3209.19284597,3.88,3.85,17.3,0.447
2010,2,29774623.42244,119.82280209203972,,,0.0124944616747897,,114.26,97.9116913569368,3958.94856524,3455.07107901,3.925,3.88,17.0,
2010,3,30876326.9911,136.89550162046118,,,0.0113775599509888,,115.56,99.60152606163967,4687.49526522,4402.85408075,3.885,3.89,19.9,
2010,4,32470240.14923,145.77413149301782,,,0.008307372793354,,116.52,100.6027922091548,6208.02178159,4101.00544529,3.9175,3.9,21.6,0.442
2010,5,41815829.19084,158.1106315304388,,,0.0074665293511844,,117.39,101.32931668063097,6502.82266765,4575.37831366,3.965,3.94,23.0,
2010,6,39857299.845010005,149.86155200805445,,,0.0073260073260073,,118.25,102.0475521521518,6369.26284241,5151.02501749,4.01,3.95,23.2,
2010,7,40758866.26167999,139.50568662872732,,,0.0080338266384778,,119.2,102.89767502593664,5983.80409965,5290.50470002,4.0275,3.96,26.4,0.448
2010,8,37333071.69281,137.24598068715568,,,0.0073825503355704,,120.08,103.73776454918692,6382.98920181,5355.47788923,4.0075,3.97,29.5,
2010,9,38480610.32311,136.69642672162283,,,0.0072451698867422,,120.95,104.503203503331,6374.98382671,5336.94397937,4.03,3.985,31.1,
2010,10,38838257.93877,135.13884450692316,,,0.0084332368747415,,121.97,106.3509578747932,5898.59780158,4950.86517118,4.035,3.98,33.0,0.439
2010,11,39326401.24825001,139.59882328372225,,,0.0072968762810527,,122.86,107.45631929582362,5915.33007539,5575.50415512,4.065,4.0,33.6,
2010,12,41226914.32949,138.47764951271685,,,0.0083835259645124,,123.89,108.33493365521164,5484.03293547,5388.75539526,4.1075,4.01,31.3,
2011,1,44794025.91717,133.0769197185519,,,0.0072645088384857,,124.79,109.22057590173532,5185.12354546,4889.20685058,4.135,4.025,30.8,0.434
2011,2,40083049.20091,129.50988684262188,,,0.0073723856078209,,125.71,110.20273556651956,5398.02331527,4764.29308642,4.1525,4.06,35.2,
2011,3,40646198.28298,147.00183909502377,,,0.008432105639965,,126.77,112.98488951174927,6098.10815367,5641.59316662,4.1575,4.07,37.1,
2011,4,42949113.76343001,151.03582303961804,,,0.0083615997475743,,127.83,116.56952856184888,7042.87255537,5532.90220124,4.305,4.11,38.5,0.432
2011,5,54192976.24705002,166.17834208101743,,,0.0073535163889541,,128.77,118.48227225545985,7932.87781064,6489.83520009,4.2975,4.12,38.7,
2011,6,52236509.18944,156.69365851225533,,,0.0071445212394189,,129.69,120.16175671062538,7816.97600448,6704.55025099,4.2725,4.14,39.2,
2011,7,52630130.419800006,146.37808828046835,,,0.0079420155756033,,130.72,122.09454771660369,7225.60453793,6858.54475622,4.34,4.17,40.0,0.437
2011,8,50743553.6368,146.3985053847187,,,0.0083384332925335,,131.81,124.127799846631,8328.46101951,7671.06005752,4.43,4.22,39.1,
2011,9,51666291.09462,147.170906821271,,,0.0083453455731734,,132.91,126.51497072350504,7718.19765888,6888.51334482,4.4325,4.235,36.8,
2011,10,51341559.16326,145.0500024277993,,,0.0063200662102174,,133.75,127.99877935249408,7435.41799125,6303.01564037,4.4875,4.265,33.3,0.429
2011,11,51193015.34161001,146.3616451241655,,,0.0059065420560746,,134.54,129.6864137827667,6493.16602762,6229.75667786,4.74,4.3,32.3,
2011,12,53121856.76879001,143.36165785374328,,,0.0083989891482086,,135.67,131.3785867425809,6306.26266184,5987.40447621,4.74,4.32,31.1,
2012,1,58269293.00637,136.19408129361287,,,0.0091398245743348,,136.91,132.5328759606977,5399.28310439,5363.7523267,4.79,4.355,33.9,0.433
2012,2,51594454.06546001,132.3605259407412,,,0.0073771090497405,,137.92,133.39601156571564,6004.52860677,4724.98383984,4.72,4.37,29.3,
2012,3,52740178.574930005,147.44101624495764,,,0.0093532482598608,,139.21,136.7,6199.97177177,5146.50963753,4.93,4.395,29.9,
2012,4,53474560.225700006,145.52027831854522,,,0.0083327347173334,,140.37,,6714.95581234,4769.81297701,5.09,4.43,30.0,0.418
2012,5,65723743.83354001,157.40418371936033,,,0.008121393460141,,141.51,,7080.82807468,5987.10122764,5.92,4.49,30.4,
2012,6,63431332.45500002,149.0331017415051,,,0.0072079711681155,,142.53,,6822.17082969,6033.5045701,5.95,4.54,32.4,
2012,7,67591386.39419001,146.86279961903688,,,0.0079281554760401,,143.66,,7655.11477343,6344.87749766,6.32,4.6,32.2,0.434
2012,8,65567677.90749,145.69325698881013,,,0.0089099262146734,,144.94,,7451.10289995,6276.43274486,6.37,4.655,32.0,
2012,9,62329438.69167001,142.47153651731426,,,0.008831240513316,,146.22,,6803.12769803,5854.62747987,6.3,4.715,33.7,
2012,10,65077976.57413002,147.23130295530083,,,0.0084119819450143,,147.45,,6889.20924882,6256.61237137,6.34,4.78,35.3,0.411
2012,11,65847507.05950001,146.37343184468628,,,0.009359104781282,,148.83,,6649.42663669,5779.47081789,6.44,4.85,35.8,
2012,12,67893694.3938,143.58505809958143,,,0.0104145669555868,,150.38,,6312.66843165,5436.52903906,6.8,4.925,37.7,
2013,1,72853604.85604,136.51707182504433,,,0.0113711929777895,,152.09,,5383.03303075,5358.22554072,7.92,4.985,37.3,0.427
2013,2,66873108.93975001,132.795321964955,,,0.0049312906831482,,152.84,,4905.87306605,5174.7487146,7.84,5.05,36.9,
2013,3,66136018.916650005,149.40394566736484,,,0.007262496728605,,153.95,,6159.95075635,5619.17967816,8.43,5.13,35.3,
2013,4,73518552.17085,155.94159584157654,,,0.0072750893147126,,155.07,,6895.39059262,6193.45819915,9.4,5.195,33.7,0.414
2013,5,84211763.72536999,167.9734791225302,,,0.00690010962791,,156.14,,8393.24517928,7028.08914824,8.8,5.29,31.7,
2013,6,81406076.17956999,156.27186443024067,,,0.0083258614064301,,157.44,,7483.39320457,6642.80578211,8.05,5.395,30.7,
2013,7,88845426.34186,150.73100129825897,,,0.0092733739837398,,158.9,,6930.6567039,6988.15531125,8.53,5.515,28.7,0.429
2013,8,82919208.46494,148.42144953050052,,,0.0083700440528633,,160.23,,7199.536885,7073.89803118,9.25,5.68,27.6,
2013,9,78725019.11933999,147.0048441881334,,,0.0083005679335955,,161.56,,6544.80737048,6028.93204507,9.48,5.8,27.8,
2013,10,81060398.36161001,148.6939593959755,,,0.0089130973013122,,163.0,,6026.97618903,6830.95882253,9.92,5.92,28.1,0.413
2013,11,80664349.16908,145.69589762827002,,,0.0092638036809815,,164.51,,5089.56340598,6091.64607397,9.57,6.15,26.4,
2013,12,83325717.15459001,142.5768791271264,,,0.014163272749377,,166.84,,4950.55497706,5411.70274783,10.0,6.525,25.3,
2014,1,100412695.35068,137.96969739537636,,0.033537040393349,0.0369999999999996,,,,4275.30071219,5648.62773701,12.65,8.025,22.4,0.422
2014,2,89086655.86355999,132.48630687243056,,0.0587058960012845,0.0341628005061153,,,,4647.73167519,5537.45467736,11.25,7.885,20.3,
2014,3,86674743.02964,144.53782808347017,,0.0327020195201637,0.0258972267536706,,,,4912.95677046,5389.89160671,10.8,8.01,18.9,
2014,4,100925896.57225,152.34143546147135,,0.0228474896865997,0.0178890876565294,,,,6478.5222881,5656.13981304,10.55,8.01,18.6,0.418
2014,5,112848521.85437998,164.20324390256107,,0.0255046662373781,0.0143526654950208,,,,7178.51780478,5776.91925095,11.4,8.095,19.1,
2014,6,109694786.30752,153.80352402990053,,0.0206605483947668,0.0129945134276637,,,,7203.70647853,5847.78330666,12.15,8.15,20.3,
2014,7,118938322.27598,145.4228137340859,,0.0117491553583242,0.0142531356898518,,,,6416.91367617,6145.08568447,12.7,8.23,21.9,0.434
2014,8,108465663.27851,140.10530396605887,,0.0255415556681637,0.0133033539441633,,,,6419.95554828,5644.38807483,14.05,8.42,23.1,
2014,9,108403386.75541,141.71873319955728,,0.0226659218959917,0.0137758875739645,,,,5685.23227474,5644.08801985,15.7,8.44,23.3,
2014,10,114522417.02627,143.3493974176129,,0.0139665897940137,0.0124031007751936,,,,5794.03741877,5494.2799463,14.28,8.515,23.1,0.419
2014,11,111592018.90737,140.8775968982631,,0.0131665528489288,0.0112602468246104,,,,4889.18890312,4650.98823493,13.1,8.54,24.5,
2014,12,118742173.69547,140.4359377491282,,0.0116220433797122,0.0099768394797805,,,,4502.28306792,4300.42248457,13.8,8.565,26.1,
2015,1,131440852.91302,133.99818907035032,,0.0316926924754994,0.0109999999999998,,,,3795.98349349,4362.70509514,13.6,8.66,28.3,0.42
2015,2,117306189.88114,132.627886955774,,0.0145670531390058,0.0089999999999999,,,,3871.71651371,4084.50122666,13.03,8.74,31.3,
2015,3,117802187.38155,149.4090129833281,,0.0185363438501882,0.0129999999999998,,,,4381.46026135,5058.82116417,12.62,8.835,32.7,
2015,4,122639489.26682998,157.4845995373143,,0.0203794833407664,0.0109999999999999,,,,5155.27151519,4932.94982219,12.7,8.92,34.3,0.41
2015,5,149480330.57595998,168.88610058983411,,0.0120741534868817,0.01,,,,5205.50413008,5002.90368466,12.65,9.005,35.8,
2015,6,152765888.71851,162.93739000912225,,0.012865475647549,0.0099999999999999,,,,6046.47372914,5707.06641349,13.4,9.1,35.8,
2015,7,162496085.22505996,151.8447963430633,,0.0184078338943278,0.0129999999999998,,,,5568.89347802,5800.57725626,14.94,9.2,36.0,
2015,8,145788863.57198998,146.46506720486232,,0.0166467977333619,0.012,,,,5135.72420696,5604.94745843,15.47,9.31,35.8,
2015,9,141974813.78382,145.88232371860067,,0.017816588240459,0.012,,,,5162.00238878,5487.0890578,15.99,9.43,35.8,
2015,10,147517893.42813,147.04587615341626,,0.0124602005033369,0.0110765798071559,,,,5032.9572304,5058.00128103,15.75,9.56,36.0,
2015,11,142611061.96653,146.175581385648,,0.0216393044797946,0.0199999999999999,,,,3998.62885319,4699.56622909,14.74,9.7,36.8,
2015,12,159325851.41353,141.9421187346255,,0.054159025657152,0.0389999999999998,,,,3429.33670337,4403.90684521,14.32,13.41,37.2,
2016,1,180198199.27293003,134.74645041349706,,0.0308354801717998,0.0409999999999998,,,,3880.89381,4123.27232551,14.27,14.14,29.2,
2016,2,149550308.71888,134.2323610386252,,0.0309992610772462,0.0269999999999998,,,,4140.90057336,4096.19002125,15.61,15.86,28.1,
2016,3,153098875.26078,150.0878942366954,,0.0307537995311282,0.0299999999999999,,,,4420.8489056,4556.33606667,15.26,14.89,27.6,
2016,4,165909682.18736997,153.25067436662908,,0.0450724930592238,0.034,,,,4739.5571006,4422.65670089,14.66,14.54,25.6,0.427
2016,5,185505113.35935,163.51360808690507,,0.0463841999378498,0.0419999999999999,,,,5383.43115187,4873.58161759,14.51,14.29,23.1,
2016,6,190361019.83864,153.66209524099784,,0.0266743254697208,0.0309999999999999,,,,5304.93551653,5046.37328503,15.05,15.23,21.4,
2016,7,201503566.22363,143.73110098180126,,0.0166065496955403,0.0199999999999999,,,,5001.60749981,4717.63722243,15.47,15.28,20.6,0.451
2016,8,183131262.67529,143.6741026486049,,0.0027953862102456,0.002,,,,5763.76941121,5173.69321917,15.41,15.19,19.4,
2016,9,185327026.38846,142.00773744282046,,0.0176234401006847,0.0109999999999998,,,,5049.55097105,4741.42728347,15.71,15.53,19.5,
2016,10,184074905.58679,141.1368632980814,,0.0224850289681013,0.024,,,,4736.73384098,4782.95418009,15.56,15.4,20.4,0.428
2016,11,200030828.88337,144.93832064073018,,0.0116927681955754,0.0159999999999999,,,,4837.42061069,4723.15060522,16.15,16.11,21.5,
2016,12,294356652.94723,142.59014516031914,,0.018294214563943,0.012,1.6,,,4649.44810088,4594.79292979,16.87,16.17,24.4,
2017,1,235944997.75291,136.6326594831619,0.016,0.0147461091748219,0.0129999999999998,2.074645537948294,,,4290.75505794,4344.1163461,16.64,16.21,31.0,0.437
2017,2,191585276.07490003,132.1585163398225,0.021,0.0231799230751177,0.0249999999999998,2.6912470636298647,,,3899.34773492,4117.16865957,16.28,15.81,31.2,
2017,3,232579935.98354995,152.6209585590571,0.024,0.0340180105538314,0.024,2.81963300014918,,,4564.6711114,5474.98330466,15.98,15.67,31.6,
2017,4,207468120.33602,151.94634480448715,0.027,0.0223235179878344,0.0259999999999999,2.398916618301405,,,4866.62981228,4973.10245577,15.99,15.74,32.5,0.428
2017,5,226792496.44697,168.3892094693676,0.0139999999999999,0.0137326213657509,0.013,1.8987341772152,,,5493.18163468,6064.32059245,16.39,16.4,33.0,
2017,6,246415800.40133,161.03568546945212,0.012,0.008836508315233,0.012,1.2885881153239964,,,5158.48680165,5898.14821469,16.84,16.88,35.7,
2017,7,265716964.95846,150.30605012391976,0.017,0.0215091597954253,0.017,2.022698151198976,,,5304.08365055,6042.73614412,18.09,17.94,35.2,0.427
2017,8,243036597.07484,149.25534277384088,0.0139999999999999,0.0147861842225898,0.014,1.3860231452408778,,,5272.37719574,6316.73196131,18.23,17.63,36.2,
2017,9,245800524.37966004,146.38655965775365,0.019,0.0130001009496594,0.019,1.5440428261735306,,,5268.23685737,5968.34766456,17.91,17.63,36.2,
2017,10,241669627.98506,149.38594966601434,0.015,0.0117375733110478,0.019,1.2591495294527633,,,5280.53326543,6209.13406815,18.1,17.95,35.6,0.417
2017,11,247599092.34450004,151.9260428520267,0.0139999999999999,0.0214695861689633,0.013,1.5145647777634386,,,4668.00952733,6163.36467863,17.96,17.68,34.3,
2017,12,257607309.54701,146.78338490922428,0.031,0.0306742041961745,0.022,2.5092188360954504,,,4578.4209987,5365.93059037,19.28,18.95,32.8,
2018,1,293193327.50142,142.740912606172,0.018,0.023338882371553,0.0195138619873498,1.7738267521190787,,,4810.2403818,5743.26392064,19.95,19.95,30.4,0.44
2018,2,259734997.14640003,138.8180403516572,0.024,0.0248444358878296,0.0309446584189954,2.8479726984643072,,,4304.2139995,5195.98021667,20.35,20.42,30.7,
2018,3,263187376.16327,155.8573195357695,0.023,0.0173963544046626,0.025912357184064,2.109421291724267,,,5416.66483242,5978.9496414,20.76,20.46,29.5,
2018,4,261331883.1765,151.52454398394318,0.027,0.0306306745074718,0.0285285320063821,2.74672134318541,,,5216.33094157,6105.58506503,21.0,20.9,28.1,0.422
2018,5,321218764.60516,159.56669237791647,0.021,0.0206991441572998,0.0354229748468681,2.7,,,5163.05521342,6448.00054965,25.97,25.55,26.7,
2018,6,324229812.39091,151.125763233455,0.037,0.031611938329362,0.029747153522688,3.688224079777092,,,5133.42608023,5461.01935893,29.4,29.66,24.0,
2018,7,328580021.90116,145.96352443000438,0.031,0.035185062861019,0.0387915124030318,3.4014567569478737,,,5414.83105051,6182.40102398,28.45,28.05,21.2,0.424
2018,8,321228495.18613994,146.76596003413945,0.039,0.0333971391297736,0.0429974767731382,3.942689098618524,,,5201.81017499,6314.30100303,38.0,38.0,20.1,
2018,9,322970789.14777994,137.74656971864778,0.065,0.0589956042449875,0.0669058067960075,6.276935223870761,,,5036.80839675,4699.95462948,41.3,41.94,19.3,
2018,10,340732592.68525,142.84327598456738,0.054,0.0547537531913675,0.0534487637204057,5.578083887943031,,,5398.12559373,5073.4736818,36.5,36.98,15.0,0.434
2018,11,328749091.5107,140.59240732533542,0.032,0.0318235253536236,0.0314922070759875,3.1665054094467404,,,5349.60764934,4363.01217956,38.0,38.82,11.6,
2018,12,348251996.95375,136.25161596905613,0.026,0.026549131853975,0.0192999133667755,2.6117600250092465,,,5336.41428687,3916.87314604,40.5,38.83,15.9,
2019,1,403724766.96568,134.53623985669554,0.0289999999999999,0.0397062753655308,0.0306517062572571,3.423253752838873,,,4584.79247889,4211.80680606,37.5,38.31,13.2,0.447
2019,2,362547450.77915007,132.2678886127364,0.038,0.0389563012439495,0.0525589818978111,3.864281506078937,,,4447.65333873,3997.93744612,39.0,40.14,13.1,
2019,3,359463832.61614,144.96325495574894,0.047,0.0370675331366703,0.046046267925589,3.854582957328856,,,5136.9720131,3956.31273037,43.65,44.4,16.2,
2019,4,395160537.62595993,149.91622140352248,0.034,0.0304649181197351,0.0303668234202285,3.4409136047666378,,,5337.17544789,4172.28163326,46.0,45.36,18.4,0.434
2019,5,474764433.21153,164.13569907592014,0.031,0.029380614896729,0.0288999999999997,3.2064513032208364,,,6043.68990849,4644.78872143,46.0,46.1,21.3,
2019,6,488482430.8231502,150.85897174113103,0.027,0.024318976033032,0.0304983095385258,2.77894051439469,,,5239.14493306,4171.39180551,43.8,43.7,24.6,
2019,7,497959586.6169001,146.77702964007008,0.022,0.0235205179333504,0.0208659137399447,2.280697784917529,,,5855.71646803,4905.29784078,45.2,45.03,23.7,0.449
2019,8,496424624.14022,141.2769346808401,0.04,0.0398447061725604,0.0415047715382683,3.7164030527596426,,,5568.03563596,4400.09418116,63.0,62.04,25.9,
2019,9,460336658.88442,134.87706647993627,0.059,0.0547661062655908,0.0646974527564392,5.711848139063669,,,5746.03701536,4001.94180505,61.25,59.82,32.0,
2019,10,486655935.11950994,141.63933661701356,0.033,0.0294292574325307,0.0257101050053289,3.1212799870871555,,,5889.09279366,4121.43024042,69.0,63.22,36.4,0.439
2019,11,514581301.82220006,137.77182966933125,0.043,0.0424215967068493,0.0318125503633297,4.1400900019565645,,,5892.6712105,3408.68218244,69.25,62.93,38.2,
2019,12,533436367.8879301,135.7651545276348,0.037,0.03581201411524,0.032554328525939,3.8,,,5374.34537988,3133.06458335,78.5,62.99,40.9,
2020,1,583299752.1918399,133.89108608957224,0.023,0.0392299391178341,0.027321295549509,2.8,,,4579.46881829,3535.43384682,78.0,63.03,50.0,0.444
2020,2,517456137.17547005,128.973638746598,0.02,0.0184264039526864,0.0231694868466771,1.8,,,4377.98623343,3191.22422754,78.5,64.26,58.6,
2020,3,489768708.8621501,128.21106074025633,0.033,0.0249170742166531,0.0291828267219489,2.3794301118003736,,,4382.66937892,3154.187947,83.5,66.58,65.2,
2020,4,440663388.91268,113.29503444580098,0.015,0.0133716228674223,0.0227766148956602,2.070955981636513,,,4349.28632508,2894.41933464,118.0,69.16,88.8,0.451
2020,5,543693705.56867,131.02956919734874,0.015,0.0076872165811368,0.0103644264914692,1.6138900372054552,,,5077.74892848,3165.9282486,125.0,70.76,100.9,
2020,6,591680069.65594,132.52196526648797,0.022,0.0136558533853241,0.0169084267672421,1.8502546744560715,,,4785.94670694,3299.30699887,126.0,74.07,102.3,
2020,7,620564956.1889601,127.46368946979526,0.019,0.0183600002256989,0.0164559183496948,2.5,,,4931.05458813,3450.78954023,136.0,76.39,106.5,0.443
2020,8,661649917.6617702,125.18389375984692,0.027,0.0221859886239295,0.0291185176895241,2.8061860813170365,,,4954.6154336,3508.21398643,135.0,78.36,103.6,
2020,9,656784179.8201599,127.17507609335053,0.0279999999999999,0.0198913980425848,0.0220699106277015,2.7,,,4726.50083528,4128.99410758,146.0,80.62,92.0,
2020,10,694917723.3148199,131.3455018945211,0.038,0.035610102151778,0.0390145573132068,3.7,,,4674.04444197,4004.44094513,169.0,83.89,91.9,0.435
2020,11,702232812.315,132.0686552529937,0.032,0.0331786450047122,0.0174930498850514,3.6,,,4500.43265594,4114.75650827,155.0,86.72,96.0,
2020,12,734698888.6128,133.85436559461533,0.04,0.0433247112149712,0.042117355943279,3.714995948525669,,,3544.06809958,3907.941187,166.0,89.87,82.2,
2021,1,847396.08080802,131.52153739734865,0.04,0.0581583995436971,0.0619756277611844,4.8,,,4911.99989689,3843.54738808,153.0,92.7,73.5,0.445
2021,2,776442.1962077401,126.23926696837655,0.036,0.0379149511600631,0.0296683418230139,3.7,,,4774.99899487,3712.67659416,146.0,95.12,66.0,
2021,3,827846.277896,145.9569001036044,0.048,0.0405503178406623,0.0294805592454427,4.273483455322677,,,5719.99879677,5320.17156768,141.0,97.69,58.2,
2021,4,883502.3067697299,147.28084401862375,0.0409999999999999,0.0362454526243356,0.0441574574048755,4.3249240831581375,,,6142.99869995,4672.8071307,150.0,98.9,36.9,0.434
2021,5,929456.42826613,151.16932233869088,0.033,0.0375763146481462,0.041653119900588,3.580264881385535,,,6812.69121124,5141.00165331,157.0,100.09,30.3,
2021,6,991092.17695726,148.97961710860486,0.032,0.0332687712766068,0.0300848031863791,3.2144053782384545,,,7009.85373819,5908.78147225,168.0,101.17,31.5,
2021,7,1027723.05094149,142.4259130609719,0.03,0.0257651246136068,0.0227966536934325,3.0,,,7251.90693318,5715.43837769,180.5,102.06,33.1,0.441
2021,8,1082636.31032022,140.9749407280359,0.025,0.021305220981526,0.0251192991836002,2.751426043986207,,,8098.85623198,5753.64398837,181.5,103.14,36.8,
2021,9,1056068.1827176502,141.29608908941103,0.035,0.0304986424554774,0.0300547262083321,3.0,,,7570.18929044,5885.68205141,186.0,104.3,41.6,
2021,10,1097622.33401297,139.51475869689767,0.035,0.0277416949648585,0.0320661720039332,3.2,,,6862.57009727,5247.23213626,197.5,105.23,45.2,0.413
2021,11,1117554.32321109,143.75187761771605,0.025,0.0268091691047915,0.0215297065106772,2.827983723030784,,,6191.18818131,5767.0360416,201.5,106.48,49.0,
2021,12,1269391.1029456905,147.22987832208702,0.038,0.0361301664273108,0.0413982418502634,3.0716847176440827,,,6587.06291449,6215.73500319,208.0,108.29,54.4,
2022,1,1291122.45628632,139.63796162487702,0.039,0.036886143235659,0.0366706082857115,4.0,,,5591.29268398,5251.2936057,213.0,110.71,57.7,0.43
2022,2,1263972.90544106,137.8495135303851,0.047,0.047153894928855,0.0388753690093452,4.909892411370266,,,6517.72030512,5638.66689554,211.0,112.95,58.0,
2022,3,1344469.19827927,153.93085077634714,0.067,0.0691499006309845,0.0753196831563309,6.026821650513582,,,7408.02816163,7083.88545587,200.0,116.45,56.1,
2022,4,1450063.33261555,157.66169211639613,0.06,0.0527559633948833,0.0523708066820041,5.946930873476819,,,8366.21086423,6889.29493355,200.5,120.64,58.7,0.414
2022,5,1665308.56382018,164.68936309003504,0.051,0.0500419020733937,0.0482320126093449,5.249089918880959,,,8361.06814357,7891.52548409,206.0,125.62,61.6,
2022,6,1796690.6546253895,161.45483436231189,0.053,0.0513044618497051,0.0608580959026583,5.0676434742941225,,,8456.58891046,8666.66310103,238.0,130.44,63.4,
2022,7,1908711.3495111,152.4453876942543,0.074,0.0656342154049296,0.0638044277981064,7.271443013038168,,,7656.26690543,8301.61983506,296.0,137.93,66.7,0.424
2022,8,1864163.8350607,151.4657390249835,0.07,0.0624286115108407,0.0695147427259883,6.654705594519659,,,7583.23891063,7917.87095572,290.0,145.77,62.5,
2022,9,2267832.4863164,149.17434933796582,0.062,0.053658547855963,0.0673520650368759,6.130170543689432,,,7493.95396504,7143.96142178,288.0,154.25,64.0,
2022,10,2107729.1177218203,146.55439499138336,0.063,0.0680470050766304,0.0540836712701098,5.76541285970455,,,8021.38090308,6088.90578233,290.0,163.89,62.0,0.413
2022,11,2109023.8176058,148.03049443619366,0.049,0.046059572365775,0.0512531144027872,4.914244193380726,,,7136.99028171,5778.03041075,314.0,174.55,60.7,
2022,12,2471538.5320785698,146.18080800161067,0.051,0.0514195947678899,0.0437244335602093,5.45840186996798,,,6110.13657022,5088.65847728,346.0,184.64,69.3,
2023,1,2501039.7434858903,143.0301902773383,0.06,0.0539266586044773,0.0582783431514584,5.7,,,4953.99836153,5366.60710713,383.0,194.36,68.7,0.446
2023,2,2317952.24699464,137.26202710765216,0.066,0.075434581064572,0.0799903626037406,6.5,,,5247.75837869,5031.00287783,377.0,204.39,79.0,
2023,3,2544256.2831335603,155.06056765123174,0.077,0.0798544703127979,0.0694985265665206,7.8,,,5760.73638581,6843.81462087,393.0,216.24,83.6,
2023,4,2773782.02508567,150.02108496857022,0.084,0.0652312969806412,0.0742269277822076,8.499507307643118,,,5868.31573942,6110.21482628,467.0,229.63,86.3,0.417
2023,5,3419271.624565611,153.7724057229578,0.078,0.0798016189006356,0.0766267182380526,7.2,,,6280.48585939,7406.21448106,490.0,250.37,86.7,
2023,6,3786987.22737658,152.5570318231417,0.06,0.0536623947782584,0.0652706951803048,5.673275198934712,,,5433.52126245,7252.0259066,494.0,270.16,88.3,
2023,7,3911073.62978366,150.22297349372374,0.063,0.0679637333515623,0.0709924548252736,6.9,,,6074.96578468,6758.36357653,550.0,287.92,83.3,0.434
2023,8,4367732.549592,151.9420380669623,0.124,0.1215474177488593,0.1429215044413068,12.478007501051335,,,5934.75454907,6898.73533827,735.0,366.63,99.0,
2023,9,4622744.80837262,148.43224354616743,0.127,0.1384989872629687,0.125696642843649,12.5,,,5788.38556041,6520.37702434,800.0,367.0,105.6,
2023,10,4810735.94016337,147.50696153972527,0.083,0.0820583657141849,0.0854092730050606,8.7,,,5405.5850343,5849.30135642,920.0,367.94,129.5,0.435
2023,11,5062572.469792679,146.35949570248516,0.128,0.1289911913564907,0.1216268403851734,12.5,,,4934.22726689,5517.43704224,905.0,378.37,128.1,
2023,12,6345042.72707034,139.33576451525818,0.255,0.241898978573017,0.245218626453058,27.9,,,5305.01096876,4271.86806454,1025.0,847.11,138.7,
2024,1,8372545.81630327,137.54602337346688,0.206,0.2303281108195924,0.2406136091862971,20.7,,,5412.32394984,4603.95464722,1195.0,875.65,175.1,0.467
2024,2,7845154.2057150975,133.63722216331925,0.132,0.1335557721486642,0.1078779863209034,12.3,,,5550.15215922,4118.05743199,1030.0,888.7,152.3,
2024,3,8380132.08098642,142.5686261813822,0.11,0.1101144352411225,0.0822419899768407,12.4,,,6491.94579496,4331.57077283,1010.0,901.63,152.5,
2024,4,9396932.97537987,147.26514258589685,0.088,0.0673781511826951,0.0791879268663042,7.1,,,6511.29105414,4704.52137908,1040.0,920.57,145.9,0.436
2024,5,14186957.13500341,156.776591364878,0.042,0.0408435632704047,0.0473485931866306,4.8,,,7666.53390988,5012.11741383,1225.0,934.94,163.3,
2024,6,12109198.55651926,147.36514372746453,0.046,0.0370147637471416,0.0464976131643848,4.3,,,6567.23094027,4687.44850467,1365.0,950.78,176.0,
2024,7,13114686.085873738,149.69744528045874,0.04,0.0435573817988093,0.0419853712986164,4.5,,,7185.79165543,5727.05446816,1370.0,971.53,189.1,0.435
2024,8,12728471.89050519,147.3275390454539,0.042,0.0472996946739088,0.0474910116654456,4.0,,,6757.78532023,4882.94094487,1305.0,991.42,169.6,
2024,9,13828312.7375592,144.84389915404117,0.035,0.0365392235633685,0.039380458988234,3.2,,,6952.88047943,5970.95870549,1235.0,1004.94,154.5,
2024,10,13836415.111909362,147.99503239709418,0.027,0.022317372253918,0.0299098243329114,2.6,,,7032.24999014,6120.46379453,1180.0,1020.75,123.8,0.43
2024,11,14085458.403796362,148.06953080982638,0.024,0.0341786180796814,0.0196415873194359,2.1,,,6526.00222519,5249.07209284,1115.0,1040.27,124.4,
2024,12,14147188.049613744,148.5668159219608,0.027,0.0348735669528084,0.0263132892649633,2.4,,,7049.01924352,5367.41141389,1215.0,1060.28,110.8,
2025,1,16612982.154993393,146.29412587482528,0.022,0.0223360772675342,0.0215549186688805,3.1,,,5914.84804218,5752.75016151,1220.0,1079.63,80.0,
2025,2,14771403.762739982,141.20146301448366,0.024,0.0365810900937724,0.0288734892250921,2.6,,,6139.7040571,5864.28756064,1225.0,1094.2,69.3,
2025,3,13985341.995117592,150.408941416515,0.037,0.0276438618233294,0.0347850531620075,3.5,,,6642.34697319,6018.84797559,1325.0,1103.73,22.8,
2025,4,15014754.71973621,158.75162561869965,0.0279999999999999,0.0248958579530207,0.026760945492009,2.9,,,6674.33068417,6459.95918914,1200.0,1194.45,33.7,
2025,5,17197840.860127654,164.7437935476038,0.015,0.0198587008783797,0.0161780682277608,1.4,,,7095.18297927,6487.97000892,1170.0,1209.35,23.4,
2025,6,17530573.78079476,156.36883137275174,0.016,0.021853730366643,0.0083732973080854,1.9,,,7275.26064524,6395.91011981,1215.0,1217.87,10.8,
2025,7,18842042.8933596,154.06603395739194,0.019,0.0193705676956745,0.0148372314533109,1.9,,,7760.55566787,6853.67165011,1320.0,1385.56,2.6,
2025,8,,,,0.0191566143505572,,,,,,,1320.0,1361.42,-3.1,
2025,9,,,,,,,,,,,1440.0,1364.73,-6.8,
